{
    "loss": 0.9510735273361206,
    "accuracy": 0.9568345546722412
}