{
    "loss": 26.0059871673584,
    "accuracy": 0.48201438784599304
}