{
    "loss": 1.0897566080093384,
    "accuracy": 0.8920863270759583
}