{
    "loss": 3.9818971157073975,
    "accuracy": 0.6187050342559814
}