{
    "loss": 2.469224214553833,
    "accuracy": 0.5035971403121948
}