{
    "loss": 13.467619895935059,
    "accuracy": 0.5179855823516846
}