{
    "loss": 12.110089302062988,
    "accuracy": 0.5467625856399536
}