{
    "loss": 9.978116035461426,
    "accuracy": 0.5035971403121948
}